<?xml version="1.0" encoding="UTF-8"?>
<con:soapui-project activeEnvironment="Default" name="Mobizon SMS REST" soapui-version="5.0.0" abortOnError="false" runType="SEQUENTIAL" xmlns:con="http://eviware.com/soapui/config"><con:settings/><con:interface xsi:type="con:RestService" wadlVersion="http://wadl.dev.java.net/2009/02" name="https://mobizon.kz" type="rest" xmlns:xsi="http://www.w3.org/2001/XMLSchema-instance"><con:settings/><con:definitionCache/><con:endpoints><con:endpoint>https://mobizon.kz</con:endpoint></con:endpoints><con:resource name="Get Balance" path="/service/user/getownbalance"><con:settings/><con:parameters><con:parameter><con:name>apiKey</con:name><con:value>1234567890abcdefghit1234567890abcdefghit</con:value><con:style>QUERY</con:style><con:default>1234567890abcdefghit1234567890abcdefghit</con:default><con:path xsi:nil="true"/><con:description xsi:nil="true"/></con:parameter><con:parameter><con:name>output</con:name><con:value/><con:style>QUERY</con:style><con:default/><con:description xsi:nil="true"/></con:parameter><con:parameter><con:name>api</con:name><con:value/><con:style>QUERY</con:style><con:default/><con:description xsi:nil="true"/></con:parameter></con:parameters><con:method name="Getownbalance" method="GET"><con:settings/><con:parameters/><con:representation type="RESPONSE"><con:mediaType>text/javascript;</con:mediaType><con:status>200</con:status><con:params/><con:element xmlns:get="https://mobizon.kz/service/user/getownbalance">get:Response</con:element></con:representation><con:representation type="RESPONSE"><con:mediaType>text/xml;</con:mediaType><con:status>200</con:status><con:params/><con:element>root</con:element></con:representation><con:request name="Request 1" mediaType="application/json"><con:settings><con:setting id="com.eviware.soapui.impl.wsdl.WsdlRequest@request-headers">&lt;xml-fragment/></con:setting></con:settings><con:endpoint>https://mobizon.kz</con:endpoint><con:request/><con:originalUri>https://mobizon.kz/service/user/getownbalance</con:originalUri><con:credentials><con:authType>No Authorization</con:authType></con:credentials><con:jmsConfig JMSDeliveryMode="PERSISTENT"/><con:jmsPropertyConfig/><con:parameters>
  <con:entry key="api" value="v1"/>
  <con:entry key="output" value="json"/>
  <con:entry key="apiKey" value="bc6d40cf999a402c4f9d4ac245e396af78635ef7"/>
</con:parameters><con:parameterOrder><con:entry>apiKey</con:entry><con:entry>output</con:entry><con:entry>api</con:entry></con:parameterOrder></con:request></con:method></con:resource><con:resource name="Send SMS Message" path="/service/message/sendsmsmessage"><con:settings/><con:parameters><con:parameter><con:name>apiKey</con:name><con:value>KKKKKKKKKKKKKKKKKKKKKKKKKKKKKKKKKKKKKKKK</con:value><con:style>QUERY</con:style><con:default>KKKKKKKKKKKKKKKKKKKKKKKKKKKKKKKKKKKKKKKK</con:default></con:parameter><con:parameter><con:name>recipient</con:name><con:value>NNNNNNNNNNN</con:value><con:style>QUERY</con:style><con:default>NNNNNNNNNNN</con:default></con:parameter><con:parameter><con:name>text</con:name><con:value>Текст сообщения</con:value><con:style>QUERY</con:style><con:default>Текст сообщения</con:default></con:parameter><con:parameter><con:name>output</con:name><con:value/><con:style>QUERY</con:style><con:default/><con:description xsi:nil="true"/></con:parameter><con:parameter><con:name>api</con:name><con:value/><con:style>QUERY</con:style><con:default/><con:description xsi:nil="true"/></con:parameter><con:parameter><con:name>ttl</con:name><con:value/><con:style>QUERY</con:style><con:default/><con:description xsi:nil="true"/></con:parameter></con:parameters><con:method name="Method 1" method="GET"><con:settings/><con:parameters/><con:representation type="RESPONSE"><con:mediaType>text/javascript;</con:mediaType><con:status>200</con:status><con:params/><con:element xmlns:sen="https://mobizon.kz/service/message/sendsmsmessage">sen:Response</con:element></con:representation><con:request name="Artem" mediaType="application/json"><con:settings><con:setting id="com.eviware.soapui.impl.wsdl.WsdlRequest@request-headers">&lt;xml-fragment/></con:setting></con:settings><con:endpoint>https://mobizon.kz</con:endpoint><con:request/><con:originalUri>https://mobizon.kz/service/message/sendsmsmessage</con:originalUri><con:credentials><con:authType>No Authorization</con:authType></con:credentials><con:jmsConfig JMSDeliveryMode="PERSISTENT"/><con:jmsPropertyConfig/><con:parameters>
  <con:entry key="text" value="Привет это сушими тебя беспокоит"/>
  <con:entry key="api" value="v1"/>
  <con:entry key="ttl" value="120"/>
  <con:entry key="output" value="json"/>
  <con:entry key="recipient" value="77015515101"/>
  <con:entry key="apiKey" value="bc6d40cf999a402c4f9d4ac245e396af78635ef7"/>
</con:parameters><con:parameterOrder><con:entry>apiKey</con:entry><con:entry>recipient</con:entry><con:entry>text</con:entry><con:entry>output</con:entry><con:entry>api</con:entry><con:entry>ttl</con:entry></con:parameterOrder></con:request><con:request name="Misha" mediaType="application/json"><con:settings><con:setting id="com.eviware.soapui.impl.wsdl.WsdlRequest@request-headers">&lt;xml-fragment/></con:setting></con:settings><con:endpoint>https://mobizon.kz</con:endpoint><con:request/><con:originalUri>https://mobizon.kz/service/message/sendsmsmessage</con:originalUri><con:credentials><con:authType>No Authorization</con:authType></con:credentials><con:jmsConfig JMSDeliveryMode="PERSISTENT"/><con:jmsPropertyConfig/><con:parameters>
  <con:entry key="text" value="Привет Михаил Сушими верит в тебя!"/>
  <con:entry key="api" value="v1"/>
  <con:entry key="output" value="json"/>
  <con:entry key="ttl" value="120"/>
  <con:entry key="apiKey" value="bc6d40cf999a402c4f9d4ac245e396af78635ef7"/>
  <con:entry key="recipient" value="77013273441"/>
</con:parameters><con:parameterOrder><con:entry>apiKey</con:entry><con:entry>recipient</con:entry><con:entry>text</con:entry><con:entry>output</con:entry><con:entry>api</con:entry><con:entry>ttl</con:entry></con:parameterOrder></con:request><con:request name="Alimzhan" mediaType="application/json"><con:settings><con:setting id="com.eviware.soapui.impl.wsdl.WsdlRequest@request-headers">&lt;xml-fragment/></con:setting></con:settings><con:endpoint>https://mobizon.kz</con:endpoint><con:request/><con:originalUri>https://mobizon.kz/service/message/sendsmsmessage</con:originalUri><con:credentials><con:authType>No Authorization</con:authType></con:credentials><con:jmsConfig JMSDeliveryMode="PERSISTENT"/><con:jmsPropertyConfig/><con:parameters>
  <con:entry key="text" value="Привет Алимжан, тысячи андроидолюбов ждут твоего приложения!"/>
  <con:entry key="api" value="v1"/>
  <con:entry key="ttl" value="120"/>
  <con:entry key="output" value="json"/>
  <con:entry key="recipient" value="77051948785"/>
  <con:entry key="apiKey" value="bc6d40cf999a402c4f9d4ac245e396af78635ef7"/>
</con:parameters><con:parameterOrder><con:entry>apiKey</con:entry><con:entry>recipient</con:entry><con:entry>text</con:entry><con:entry>output</con:entry><con:entry>api</con:entry><con:entry>ttl</con:entry></con:parameterOrder></con:request><con:request name="Denis Krylov" mediaType="application/json"><con:settings><con:setting id="com.eviware.soapui.impl.wsdl.WsdlRequest@request-headers">&lt;xml-fragment/></con:setting></con:settings><con:endpoint>https://mobizon.kz</con:endpoint><con:request/><con:originalUri>https://mobizon.kz/service/message/sendsmsmessage</con:originalUri><con:credentials><con:authType>No Authorization</con:authType></con:credentials><con:jmsConfig JMSDeliveryMode="PERSISTENT"/><con:jmsPropertyConfig/><con:parameters>
  <con:entry key="text" value="Привет Денис, Сушими следит за тобой"/>
  <con:entry key="api" value="v1"/>
  <con:entry key="output" value="json"/>
  <con:entry key="ttl" value="120"/>
  <con:entry key="apiKey" value="bc6d40cf999a402c4f9d4ac245e396af78635ef7"/>
  <con:entry key="recipient" value="77071011147"/>
</con:parameters><con:parameterOrder><con:entry>apiKey</con:entry><con:entry>recipient</con:entry><con:entry>text</con:entry><con:entry>output</con:entry><con:entry>api</con:entry><con:entry>ttl</con:entry></con:parameterOrder></con:request><con:request name="Nadezhda" mediaType="application/json"><con:settings><con:setting id="com.eviware.soapui.impl.wsdl.WsdlRequest@request-headers">&lt;xml-fragment/></con:setting></con:settings><con:endpoint>https://mobizon.kz</con:endpoint><con:request/><con:originalUri>https://mobizon.kz/service/message/sendsmsmessage</con:originalUri><con:credentials><con:authType>No Authorization</con:authType></con:credentials><con:jmsConfig JMSDeliveryMode="PERSISTENT"/><con:jmsPropertyConfig/><con:parameters>
  <con:entry key="text" value="Мася, больше не уводи мою ID карту"/>
  <con:entry key="api" value="v1"/>
  <con:entry key="ttl" value="20"/>
  <con:entry key="output" value="json"/>
  <con:entry key="recipient" value="77014130715"/>
  <con:entry key="apiKey" value="bc6d40cf999a402c4f9d4ac245e396af78635ef7"/>
</con:parameters><con:parameterOrder><con:entry>apiKey</con:entry><con:entry>recipient</con:entry><con:entry>text</con:entry><con:entry>output</con:entry><con:entry>api</con:entry><con:entry>ttl</con:entry></con:parameterOrder></con:request></con:method></con:resource><con:resource name="Get SMS Status" path="/service/message/getsmsstatus"><con:settings/><con:parameters><con:parameter><con:name>apiKey</con:name><con:value>1</con:value><con:style>QUERY</con:style><con:default>1</con:default></con:parameter><con:parameter><con:name>ids</con:name><con:value>559204</con:value><con:style>QUERY</con:style><con:default>559204</con:default></con:parameter><con:parameter><con:name>output</con:name><con:value>json</con:value><con:style>QUERY</con:style><con:default>json</con:default></con:parameter><con:parameter><con:name>api</con:name><con:value>v1</con:value><con:style>QUERY</con:style><con:default>v1</con:default></con:parameter></con:parameters><con:method name="Method 1" method="GET"><con:settings/><con:parameters/><con:representation type="RESPONSE"><con:mediaType>application/json;</con:mediaType><con:status>200</con:status><con:params/><con:element xmlns:get="https://mobizon.kz/service/message/getsmsstatus">get:Response</con:element></con:representation><con:representation type="RESPONSE"><con:mediaType>text/javascript;</con:mediaType><con:status>200</con:status><con:params/><con:element xmlns:get="https://mobizon.kz/service/message/getsmsstatus">get:Response</con:element></con:representation><con:request name="Request 1" mediaType="application/json"><con:settings><con:setting id="com.eviware.soapui.impl.wsdl.WsdlRequest@request-headers">&lt;xml-fragment/></con:setting></con:settings><con:endpoint>https://mobizon.kz</con:endpoint><con:request/><con:originalUri>https://mobizon.kz/service/message/getsmsstatus</con:originalUri><con:credentials><con:authType>No Authorization</con:authType></con:credentials><con:jmsConfig JMSDeliveryMode="PERSISTENT"/><con:jmsPropertyConfig/><con:parameters>
  <con:entry key="ids" value="559713"/>
  <con:entry key="apiKey" value="bc6d40cf999a402c4f9d4ac245e396af78635ef7"/>
</con:parameters></con:request></con:method></con:resource></con:interface><con:properties/><con:wssContainer/><con:oAuth2ProfileContainer/></con:soapui-project>